Trans,Cap,Tphl
55,2.9,0.01897
10,2.9,0.0101
10,2.8,0.00994
20,2.9,0.01271
55,2.8,0.01872
20,2.8,0.01252
