Trans,Cap,Tphl
10,2.8,0.01076
10,2.9,0.01093
55,2.9,0.02136
20,2.9,0.01406
20,2.8,0.01386
55,2.8,0.02104
