Trans,Cap,Tphl
20,2.8,0.01563
20,2.9,0.01586
55,2.9,0.02514
10,2.9,0.01228
55,2.8,0.02478
10,2.8,0.01208
