Trans,Cap,Tplh
10,2.8,0.00735
10,2.9,0.00749
55,2.9,0.01119
20,2.9,0.00893
20,2.8,0.00877
55,2.8,0.01093
