Trans,Cap,Tplh
20,2.8,0.01022
20,2.9,0.01039
55,2.9,0.01469
10,2.9,0.00849
55,2.8,0.01443
10,2.8,0.00834
