Trans,Cap,Tplh
55,2.9,0.00809
10,2.9,0.00673
10,2.8,0.0066
20,2.9,0.00756
55,2.8,0.00785
20,2.8,0.0074
