Trans,Cap,Tplh
10.0,1.44,9.815999999999999
2.5,0.72,5.343999999999999
7.5,1.44,9.308
2.5,1.44,8.537999999999998
7.5,0.72,6.2219999999999995
7.5,2.88,15.590000000000002
10.0,0.72,6.634
2.5,2.88,14.45
10.0,2.88,16.09
