Trans,Cap,Tplh
7.5,0.72,7.162000000000001
2.5,2.88,17.01
2.5,0.72,6.061
7.5,1.44,10.83
10.0,1.44,11.38
7.5,2.88,18.0
2.5,1.44,9.779
10.0,2.88,18.47
10.0,0.72,7.672999999999999
