Trans,Cap,Tplh
0.1,0.1,314.09999999999997
0.1,0.5,1530.0
0.4,0.5,1549.0
1.5,0.5,1603.0
0.4,0.1,326.70000000000005
2.0,0.1,390.59999999999997
0.8,1.2,3693.0
0.8,0.1,348.40000000000003
0.8,0.5,1566.0
1.5,0.1,380.1
0.1,1.2,3660.0
0.4,1.2,3672.0
